,elevation,slope_degrees,aspect_degrees,fuel_load,moisture
count,40000.0,40000.0,40000.0,40000.0,40000.0
mean,142.89419162443235,14.849999999999998,44.55,2.0,0.12000000000000005
std,185.22177970662506,14.999437475390264,44.998312426173804,0.0,8.494700101578156e-14
min,0.0,0.0,0.0,2.0,0.12
25%,0.0,0.0,0.0,2.0,0.12
50%,0.0,0.0,0.0,2.0,0.12
75%,284.3450075758907,29.999999999999996,90.0,2.0,0.12
max,571.5767664977295,29.999999999999996,90.0,2.0,0.12
