{
  "24h": {
    "area_m2": 9000000.0,
    "area_hectares": 900.0,
    "boundary_points": [
      [
        0.0,
        0.0
      ],
      [
        10.0,
        0.0
      ],
      [
        2990.0,
        0.0
      ],
      [
        2990.0,
        10.0
      ],
      [
        2990.0,
        2990.0
      ],
      [
        10.0,
        2990.0
      ],
      [
        0.0,
        2990.0
      ]
    ],
    "center": [
      1284.2857142857142,
      1282.857142857143
    ],
    "radius": 2080.8344412820175
  },
  "48h": {
    "area_m2": 9000000.0,
    "area_hectares": 900.0,
    "boundary_points": [
      [
        0.0,
        0.0
      ],
      [
        10.0,
        0.0
      ],
      [
        2990.0,
        0.0
      ],
      [
        2990.0,
        10.0
      ],
      [
        2990.0,
        2990.0
      ],
      [
        10.0,
        2990.0
      ],
      [
        0.0,
        2990.0
      ]
    ],
    "center": [
      1284.2857142857142,
      1282.857142857143
    ],
    "radius": 2080.8344412820175
  },
  "72h": {
    "area_m2": 9000000.0,
    "area_hectares": 900.0,
    "boundary_points": [
      [
        0.0,
        0.0
      ],
      [
        10.0,
        0.0
      ],
      [
        2990.0,
        0.0
      ],
      [
        2990.0,
        10.0
      ],
      [
        2990.0,
        2990.0
      ],
      [
        10.0,
        2990.0
      ],
      [
        0.0,
        2990.0
      ]
    ],
    "center": [
      1284.2857142857142,
      1282.857142857143
    ],
    "radius": 2080.8344412820175
  }
}